winner_idx,loser_idx,surface,days_ago
0,55,0,791
113,71,0,791
91,131,0,791
36,77,0,791
16,56,0,791
85,105,0,791
100,47,0,791
56,48,0,791
85,86,0,791
73,93,0,791
65,18,0,791
47,37,0,791
100,110,0,791
56,10,0,791
40,98,0,791
65,71,0,791
98,73,0,791
113,75,0,791
98,93,0,791
71,18,0,791
41,69,0,791
68,25,0,791
3,68,0,791
3,41,0,791
3,51,0,791
79,23,0,791
23,74,0,791
50,91,0,791
67,55,0,791
13,83,0,791
92,55,0,791
0,67,0,791
13,12,0,791
50,26,0,791
83,12,0,791
92,0,0,791
67,92,0,791
93,40,0,791
25,120,0,791
9,79,0,791
92,9,0,791
40,92,0,791
83,65,0,791
84,14,0,791
42,14,0,791
9,14,0,791
84,42,0,791
9,42,0,791
40,73,0,791
9,84,0,791
113,65,0,791
13,60,0,784
31,80,0,784
116,6,0,784
110,37,0,784
80,101,0,784
60,105,0,784
14,96,0,784
6,77,0,784
80,110,0,784
47,29,0,784
31,95,0,784
4,15,0,784
31,13,0,784
41,76,0,784
76,57,0,784
64,26,0,784
68,69,0,784
71,51,0,784
71,48,0,784
19,56,0,784
36,39,0,784
68,64,0,784
41,71,0,784
91,19,0,784
71,91,0,784
36,3,0,784
31,4,0,784
91,36,0,784
91,12,0,784
16,132,0,777
3,42,0,777
73,128,0,777
10,31,0,777
113,25,0,777
67,9,0,777
40,56,0,777
3,95,0,777
83,0,0,777
113,98,0,777
95,80,0,777
74,67,0,777
74,113,0,777
40,92,0,777
40,74,0,777
25,87,0,777
98,120,0,777
17,41,0,777
31,88,0,777
10,18,0,777
83,50,0,777
73,3,0,777
76,89,0,777
56,2,0,777
92,96,0,777
110,8,0,777
13,15,0,777
71,105,0,777
92,100,0,777
37,101,0,777
2,93,0,777
56,12,0,777
95,68,0,777
3,57,0,777
37,23,0,777
42,60,0,777
128,14,0,777
10,79,0,777
31,48,0,777
51,64,0,777
25,4,0,777
67,69,0,777
74,110,0,777
67,44,0,777
13,71,0,777
106,91,0,777
0,77,0,777
92,13,0,777
14,19,0,777
68,7,0,777
3,20,0,777
106,55,0,777
73,116,0,777
85,6,0,777
128,70,0,777
91,34,0,777
70,23,1,763
23,59,1,763
70,110,1,763
8,80,1,763
59,88,1,763
110,42,1,763
8,58,1,763
80,26,1,763
59,28,1,763
70,109,1,763
26,131,1,763
90,54,1,763
8,70,1,763
0,10,0,763
57,9,0,763
0,48,0,763
10,15,0,763
10,96,0,763
15,64,0,763
2,93,0,763
60,36,1,763
57,0,0,763
120,76,0,763
57,85,0,763
132,56,0,756
92,74,0,756
88,90,1,756
95,50,1,756
110,131,1,756
36,8,1,756
60,70,1,756
26,54,1,756
23,88,1,756
109,95,1,756
80,110,1,756
6,60,1,756
20,14,1,756
84,26,1,756
23,109,1,756
84,20,1,756
74,132,0,756
92,63,0,756
74,98,0,756
132,120,0,756
55,51,0,756
92,4,0,756
19,85,0,756
98,48,0,756
98,15,0,756
23,80,1,756
56,72,0,756
55,93,0,756
51,105,0,756
4,57,0,756
85,31,0,756
29,67,0,756
29,32,0,756
47,116,0,756
10,39,0,756
63,19,0,756
92,55,0,756
120,79,0,756
74,96,0,756
132,83,0,756
84,23,1,756
95,80,1,749
23,60,1,749
73,36,1,749
109,95,1,749
6,20,1,749
128,73,1,749
23,109,1,749
128,6,1,749
128,23,1,749
4,25,0,749
51,48,0,749
19,89,0,749
9,4,0,749
96,13,0,749
51,100,0,749
71,57,0,749
9,96,0,749
71,83,0,749
100,15,0,749
9,51,0,749
109,26,1,749
128,88,1,749
34,85,0,749
131,97,0,749
65,105,0,749
125,21,0,749
101,91,0,749
63,2,0,749
31,131,0,749
65,125,0,749
36,110,1,749
74,101,0,749
64,31,0,749
65,74,0,749
63,64,0,749
92,65,0,749
63,92,0,749
80,50,1,749
60,146,1,749
20,42,1,749
63,34,0,749
10,32,0,749
57,24,0,749
10,116,0,749
55,68,0,749
106,41,0,749
55,106,0,749
83,25,0,742
60,17,1,742
110,36,1,742
70,42,1,742
60,88,1,742
17,112,1,742
88,59,1,742
17,20,1,742
110,58,1,742
36,54,1,742
55,74,0,742
40,39,0,742
74,29,0,742
39,67,0,742
74,107,0,742
67,10,0,742
14,106,0,742
68,73,0,742
107,80,0,742
74,50,0,742
55,77,0,742
63,79,0,742
79,113,0,742
63,48,0,742
5,51,0,742
70,95,1,742
68,14,0,742
110,8,1,742
60,110,1,742
51,98,0,742
113,4,0,742
9,71,0,742
60,70,1,742
25,15,0,742
5,120,0,742
79,57,0,742
63,13,0,742
48,31,0,742
83,19,0,742
4,37,0,742
113,96,0,742
19,41,0,731
110,132,1,731
57,84,0,731
84,7,0,731
0,36,1,731
36,12,1,731
98,102,0,731
0,112,1,731
15,100,0,731
100,97,0,731
15,111,0,731
41,102,0,731
23,125,1,731
97,111,0,731
98,19,0,731
63,79,0,728
67,98,0,728
95,73,0,728
3,40,0,728
128,9,0,728
113,64,0,728
73,89,0,728
95,56,0,728
67,88,0,728
98,68,0,728
63,69,0,728
16,57,0,728
40,125,0,728
128,48,0,728
23,100,0,728
9,107,0,728
13,20,0,728
83,96,0,728
113,50,0,728
64,80,0,728
84,45,0,728
73,131,0,728
56,92,0,728
68,0,0,728
63,86,0,728
69,116,0,728
55,60,0,728
128,3,0,728
57,4,0,728
67,95,0,728
125,105,0,728
63,16,0,728
48,19,0,728
107,101,0,728
106,41,0,728
120,29,0,728
96,43,0,728
64,71,0,728
131,93,0,728
95,32,0,728
88,146,0,728
68,7,0,728
116,10,0,728
16,47,0,728
47,15,0,728
128,55,0,728
4,25,0,728
67,63,0,728
128,19,0,714
67,7,0,714
68,51,0,714
106,8,0,714
95,92,0,714
6,25,0,714
113,100,0,714
69,116,0,714
57,59,0,714
55,124,0,714
41,23,0,714
48,16,0,714
60,12,0,714
98,47,0,714
71,50,0,714
107,77,0,714
105,120,0,714
7,56,0,714
68,64,0,714
106,96,0,714
25,88,0,714
15,26,0,714
109,85,0,714
48,86,0,714
0,43,0,714
74,107,0,714
41,2,0,714
31,93,0,714
128,84,0,714
79,71,0,714
128,79,0,714
84,109,0,714
79,40,0,714
128,95,0,714
109,113,0,714
84,0,0,714
79,89,0,714
128,74,0,714
95,67,0,714
109,69,0,714
84,55,0,714
0,41,0,714
19,29,0,714
89,39,0,714
40,60,0,714
89,83,0,714
60,42,0,714
40,4,0,714
0,48,0,714
55,101,0,714
39,13,0,714
109,3,0,714
95,106,0,714
67,68,0,714
84,57,0,714
79,31,0,714
74,98,0,714
99,85,1,700
20,96,1,700
50,132,1,700
120,8,1,700
56,28,1,700
2,99,1,700
15,21,1,700
20,2,1,700
15,26,1,700
42,47,1,700
67,70,1,700
42,67,1,700
15,20,1,700
50,120,1,700
69,29,1,700
50,80,1,693
74,6,1,693
63,98,1,693
113,100,1,693
96,29,1,693
15,132,1,693
13,64,1,693
106,56,1,693
131,31,1,693
23,19,1,693
60,93,1,693
8,85,1,693
19,89,1,693
23,51,1,693
6,71,1,693
98,72,1,693
113,43,1,693
79,28,1,693
120,92,1,693
84,131,1,693
79,60,1,693
74,96,1,693
96,16,1,693
74,0,1,693
96,67,1,693
16,79,1,693
74,23,1,693
0,113,1,693
67,106,1,693
16,84,1,693
79,8,1,693
57,1,1,693
74,50,1,693
113,63,1,693
96,5,1,693
15,13,1,693
106,128,1,693
16,14,1,693
8,55,1,693
23,120,1,693
96,15,1,693
63,5,1,686
89,26,1,686
120,110,1,686
5,51,1,686
63,6,1,686
5,95,1,686
51,36,1,686
63,25,1,686
5,50,1,686
51,65,1,686
25,131,1,686
63,132,1,686
50,141,1,686
95,2,1,686
131,42,1,686
25,14,1,686
19,47,1,686
84,116,1,686
20,29,1,686
69,28,1,686
128,98,1,686
128,74,1,686
98,55,1,686
23,92,1,686
74,16,1,686
128,88,1,686
55,19,1,686
100,57,1,686
23,120,1,686
98,89,1,686
84,100,1,686
16,20,1,686
98,93,1,686
89,8,1,686
23,48,1,686
120,13,1,686
92,69,1,686
131,56,1,679
131,0,1,679
131,100,1,679
56,84,1,679
70,101,1,679
95,77,1,679
100,39,1,679
101,29,1,679
70,42,1,679
56,116,1,679
8,47,1,679
131,132,1,679
2,68,1,679
56,95,1,679
72,20,1,679
110,69,1,679
69,106,1,679
110,8,1,679
69,96,1,679
69,14,1,679
110,2,1,679
106,92,1,679
96,72,1,679
69,81,1,679
2,28,1,679
64,30,1,679
106,64,1,679
83,93,1,672
16,23,1,672
74,34,1,672
92,42,1,672
113,98,1,672
120,106,1,672
4,30,1,672
79,28,1,672
34,51,1,672
14,43,1,672
95,57,1,672
15,31,1,672
124,80,1,672
13,9,1,672
42,69,1,672
98,60,1,672
113,68,1,672
96,89,1,672
63,124,1,672
4,83,1,672
14,84,1,672
128,0,1,672
128,5,1,672
0,74,1,672
15,56,1,672
74,63,1,672
0,92,1,672
5,4,1,672
5,79,1,672
128,55,1,672
63,13,1,672
74,16,1,672
92,113,1,672
0,120,1,672
5,3,1,672
79,96,1,672
79,14,1,672
50,43,1,665
6,30,1,665
23,95,1,665
29,57,1,665
83,80,1,665
15,79,1,665
56,106,1,665
113,60,1,665
84,83,1,665
55,133,1,665
98,14,1,665
68,8,1,665
110,85,1,665
5,92,1,665
74,113,1,665
31,89,1,665
16,116,1,665
0,110,1,665
92,29,1,665
42,100,1,665
5,74,1,665
98,68,1,665
74,0,1,665
0,42,1,665
5,84,1,665
74,51,1,665
0,98,1,665
5,1,1,665
1,50,1,665
29,23,1,665
92,96,1,665
84,56,1,665
113,6,1,665
74,16,1,665
5,31,1,665
109,18,1,658
20,77,1,658
82,60,1,658
10,31,1,658
131,71,1,658
110,90,1,658
98,93,1,658
93,33,1,658
55,109,1,658
131,10,1,658
2,40,1,658
85,68,1,658
37,8,1,658
84,41,1,658
55,131,1,658
55,110,1,658
98,82,1,658
41,6,1,658
72,67,1,651
55,27,1,651
51,28,1,651
23,16,1,651
128,8,1,651
84,100,1,651
15,69,1,651
101,38,1,651
113,26,1,651
63,113,1,651
40,50,1,651
106,2,1,651
79,15,1,651
51,55,1,651
128,106,1,651
84,80,1,651
131,101,1,651
63,42,1,651
113,48,1,651
40,95,1,651
5,23,1,651
0,72,1,651
128,51,1,651
84,79,1,651
131,74,1,651
116,85,1,651
0,116,1,651
0,110,1,651
2,89,1,651
92,94,1,651
0,128,1,651
5,39,1,651
16,29,1,651
88,77,1,651
92,58,1,651
94,31,1,651
56,99,1,651
6,105,1,651
91,1,1,651
0,61,1,651
110,14,1,651
85,96,1,651
33,25,1,651
72,53,1,651
28,30,1,651
51,81,1,651
8,41,1,651
100,93,1,651
69,64,1,651
15,132,1,651
131,83,1,651
101,98,1,651
13,109,1,651
74,120,1,651
42,68,1,651
95,90,1,651
57,71,1,651
16,43,1,651
23,88,1,651
56,6,1,651
84,131,1,651
95,57,1,651
64,71,2,637
12,29,2,637
71,93,2,637
19,104,2,637
4,37,2,637
80,12,2,637
19,79,2,637
4,57,2,637
74,138,2,637
4,74,2,637
73,80,2,637
51,70,2,637
116,68,2,637
100,56,2,637
92,85,2,637
10,98,2,637
92,51,2,637
10,116,2,637
40,10,2,637
73,4,2,637
73,68,2,630
73,56,2,630
56,96,2,630
96,98,2,630
100,124,2,630
68,1,2,630
109,60,2,630
124,67,2,630
74,64,2,630
56,16,2,630
106,42,2,630
79,40,2,630
51,31,2,630
9,19,2,630
40,15,2,630
92,48,2,630
79,93,2,630
51,50,2,630
9,85,2,630
79,92,2,630
40,9,2,630
100,49,2,630
92,29,2,630
96,8,2,630
57,120,2,630
68,83,2,630
1,69,2,630
73,13,2,630
16,55,2,630
98,68,2,623
55,116,2,623
124,23,2,623
67,36,2,623
98,80,2,623
68,113,2,623
60,96,2,623
67,57,2,623
57,69,2,623
36,93,2,623
98,42,2,623
80,18,2,623
68,109,2,623
13,10,2,623
67,98,2,623
74,9,2,623
29,56,2,623
74,64,2,623
9,40,2,623
64,77,2,623
74,29,2,623
77,110,2,623
64,83,2,623
40,31,2,623
31,88,2,623
9,25,2,623
110,47,2,623
77,14,2,623
64,70,2,623
29,48,2,623
32,23,2,616
55,88,2,616
68,10,2,616
98,124,2,616
116,83,2,616
5,95,2,616
74,47,2,616
2,48,2,616
56,100,2,616
80,101,2,616
59,9,2,616
15,93,2,616
88,36,2,616
98,32,2,616
116,59,2,616
57,14,2,616
56,2,2,616
113,128,2,616
15,69,2,616
55,68,2,616
42,98,2,616
67,27,2,616
5,113,2,616
55,15,2,616
5,55,2,616
69,57,2,616
69,44,2,616
100,39,2,616
93,84,2,616
15,110,2,616
57,19,2,616
110,25,2,616
93,90,2,616
84,8,2,616
128,12,2,616
85,6,2,616
4,18,2,616
113,1,2,616
70,50,2,616
96,79,2,616
98,28,2,616
27,13,2,616
83,71,2,616
124,97,2,616
95,70,2,616
5,41,2,616
10,75,2,616
48,81,2,616
101,105,2,616
29,131,2,616
74,35,2,616
47,26,2,616
59,86,2,616
67,120,2,616
128,85,2,616
4,75,2,602
27,18,2,602
57,4,2,602
27,92,2,602
18,49,2,602
45,86,2,602
49,105,2,602
18,32,2,602
75,10,2,602
57,27,2,602
27,47,2,602
50,120,1,602
64,45,2,602
110,6,1,602
30,100,1,602
109,110,1,602
110,63,1,602
110,30,1,602
63,50,1,602
109,84,1,602
109,31,1,602
110,96,1,602
30,9,1,602
63,20,1,602
31,80,1,602
8,90,1,602
31,101,1,602
8,138,1,595
8,54,1,595
30,58,1,595
73,60,1,595
84,132,1,595
88,35,1,595
54,17,1,595
30,101,1,595
73,2,1,595
132,90,1,595
88,72,1,595
54,36,1,595
17,42,1,595
84,88,1,595
58,80,1,595
2,26,1,595
58,9,1,595
73,30,1,595
96,56,1,595
84,73,1,595
120,128,1,595
128,51,1,595
120,96,1,595
109,31,1,595
51,6,1,595
43,85,1,595
96,24,1,595
120,100,1,595
31,59,1,595
109,63,1,595
51,12,1,595
43,50,1,595
85,131,1,595
120,14,1,595
100,23,1,595
59,20,1,595
109,77,1,595
84,8,1,595
120,109,1,595
60,20,1,588
98,10,0,588
59,6,1,588
91,77,1,588
113,88,1,588
72,131,1,588
113,26,1,588
113,128,1,588
61,2,1,588
132,36,1,588
60,54,1,588
20,42,1,588
30,61,1,588
14,31,1,588
30,123,1,588
18,86,0,588
8,58,1,588
17,30,1,588
9,132,1,588
8,60,1,588
9,8,1,588
25,106,0,588
116,47,0,588
69,25,0,588
98,18,0,588
69,116,0,588
9,104,1,588
39,98,0,581
67,105,0,581
100,48,0,581
51,86,0,581
63,124,0,581
107,83,0,581
56,78,0,581
45,64,0,581
16,10,0,581
100,79,0,581
107,25,0,581
78,18,0,581
106,16,0,581
69,45,0,581
69,56,0,581
106,110,0,581
13,67,0,581
40,55,0,581
40,95,0,581
55,92,0,581
95,116,0,581
40,130,0,581
95,47,0,581
39,51,0,581
47,17,0,581
27,90,0,581
39,63,0,581
63,107,0,581
39,13,0,581
107,131,0,581
116,75,0,581
68,128,0,574
98,83,0,574
23,96,0,574
8,15,0,574
100,1,0,574
9,29,0,574
55,116,0,574
131,6,0,574
10,71,0,574
3,60,0,574
124,101,0,574
69,64,0,574
67,69,0,574
51,109,0,574
56,95,0,574
67,4,0,574
13,63,0,574
113,10,0,574
124,74,0,574
79,84,0,574
84,92,0,574
13,68,0,574
84,9,0,574
92,55,0,574
79,8,0,574
13,67,0,574
98,16,0,574
8,23,0,574
79,100,0,574
55,56,0,574
92,39,0,574
124,3,0,574
69,73,0,567
9,29,0,567
83,16,0,567
67,110,0,567
6,8,0,567
31,116,0,567
106,51,0,567
113,95,0,567
4,1,0,567
55,131,0,567
100,107,0,567
113,41,0,567
9,109,0,567
29,15,0,567
43,120,0,567
23,31,0,567
92,98,0,567
147,80,0,567
55,4,0,567
128,48,0,567
106,69,0,567
43,74,0,567
74,40,0,567
43,55,0,567
40,67,0,567
55,128,0,567
43,92,0,567
63,6,0,567
67,63,0,567
147,84,0,567
83,68,0,567
40,56,0,567
40,83,0,567
92,113,0,567
55,147,0,567
74,23,0,567
43,9,0,567
10,100,0,560
85,25,0,560
18,41,0,560
10,37,0,560
50,15,0,560
6,14,0,560
30,107,0,560
80,70,0,560
2,120,0,560
56,85,0,560
30,16,0,560
56,88,0,560
64,36,0,560
10,8,0,560
50,27,0,560
124,30,0,560
56,64,0,560
50,2,0,560
10,56,0,560
124,6,0,560
10,50,0,560
51,124,0,553
2,95,0,553
69,27,0,553
23,105,0,553
83,26,0,553
68,106,0,553
13,18,0,553
113,45,0,553
116,16,0,553
91,56,0,553
96,59,0,553
128,20,0,553
73,4,0,553
128,69,0,553
84,68,0,553
113,116,0,553
55,131,0,553
63,83,0,553
69,23,0,553
73,96,0,553
84,91,0,553
63,55,0,553
84,73,0,553
128,113,0,553
69,63,0,553
84,51,0,553
96,19,0,553
128,84,0,553
91,38,0,553
59,47,0,553
107,70,0,553
51,36,0,553
71,49,0,553
81,147,0,553
124,92,0,553
107,9,0,553
57,101,0,553
42,132,0,553
124,100,0,553
92,35,0,553
59,74,0,553
47,80,0,553
96,39,0,553
4,109,0,553
73,54,0,553
91,1,0,553
64,93,0,553
68,72,0,553
56,125,0,553
98,42,0,553
40,71,0,553
6,31,0,553
2,25,0,553
69,29,0,553
26,88,0,553
63,50,0,553
20,85,0,553
18,37,0,553
113,77,0,553
45,60,0,553
116,99,0,553
120,15,0,553
128,110,0,553
56,57,0,538
85,7,0,538
27,97,0,538
98,15,0,538
55,67,0,537
68,13,0,537
12,64,0,537
8,50,0,537
73,43,0,537
120,78,0,537
9,95,0,537
98,64,0,536
68,7,0,536
67,57,0,536
2,27,0,536
92,128,0,535
12,97,0,535
13,85,0,535
56,55,0,535
113,109,0,535
73,110,0,535
81,36,0,535
58,54,1,534
58,70,1,534
56,67,0,534
78,110,0,534
43,109,0,534
50,142,0,534
92,95,0,534
15,64,0,534
85,68,0,534
12,75,0,533
57,55,0,533
57,100,0,532
106,120,0,532
79,30,0,532
64,93,0,532
116,29,0,532
80,31,0,532
71,88,0,532
30,2,0,532
131,64,0,532
100,132,0,532
1,40,0,532
106,101,0,532
80,106,0,532
29,13,0,532
116,37,0,532
13,22,0,532
29,18,0,532
116,59,0,532
13,25,0,532
22,70,0,532
79,71,0,532
59,60,0,532
29,90,0,532
57,1,0,532
57,131,0,532
80,79,0,532
80,57,0,532
37,27,0,532
37,107,0,532
18,105,0,532
116,135,0,532
98,4,0,528
74,23,0,528
92,5,0,528
69,74,0,528
73,92,0,528
67,55,0,528
5,69,0,528
30,50,0,525
32,141,0,525
100,107,0,525
22,10,0,525
90,31,0,525
32,56,0,525
22,100,0,525
65,90,0,525
71,23,0,525
65,71,0,525
5,65,0,525
48,60,0,525
80,72,0,525
39,83,0,525
39,114,0,525
12,14,0,525
114,48,0,525
84,54,0,525
39,25,0,525
83,88,0,525
39,13,0,525
39,84,0,525
88,82,0,525
131,113,0,525
113,76,0,525
120,12,0,525
113,81,0,525
131,80,0,525
12,93,0,525
76,6,0,525
114,95,0,525
67,69,0,518
67,83,0,518
69,95,0,518
83,43,0,518
60,88,0,518
69,72,0,518
95,13,0,518
95,39,0,518
88,84,0,518
60,105,0,518
72,25,0,518
67,18,0,518
43,41,0,518
43,116,0,518
40,8,0,518
10,1,0,518
9,92,0,518
99,96,0,518
63,46,0,518
10,15,0,518
40,9,0,518
5,51,0,518
74,79,0,518
63,10,0,518
74,63,0,518
74,133,0,518
79,57,0,518
5,56,0,518
5,40,0,518
40,100,0,518
5,42,0,518
9,99,0,518
57,85,0,518
133,123,0,518
74,7,0,518
79,109,0,518
46,31,0,518
5,74,0,518
15,128,0,518
63,50,0,518
30,29,0,511
36,64,0,511
22,110,0,511
106,88,0,511
4,96,0,511
29,8,0,511
71,22,0,511
4,38,0,511
106,4,0,511
106,9,0,511
63,68,0,511
30,109,0,511
92,107,0,511
92,120,0,511
92,116,0,511
107,57,0,511
120,72,0,511
57,91,0,511
26,73,0,511
120,48,0,511
72,80,0,511
57,42,0,511
91,126,0,511
31,85,0,511
26,59,0,511
63,106,0,511
63,30,0,511
116,2,0,511
106,71,0,511
2,15,0,504
106,39,0,504
30,79,0,504
92,2,0,504
42,27,0,504
92,106,0,504
131,36,0,504
92,13,0,504
106,30,0,504
79,124,0,504
2,1,0,504
106,51,0,504
39,88,0,504
2,138,0,504
15,23,0,504
13,22,0,504
106,29,0,504
39,144,0,504
138,56,0,504
13,85,0,504
98,64,0,504
30,109,0,504
132,16,0,504
22,119,0,504
131,42,0,504
120,95,0,504
73,48,0,504
120,59,0,504
48,46,0,504
73,25,0,504
95,91,0,504
59,81,0,504
55,31,0,504
120,73,0,504
46,110,0,504
48,9,0,504
25,38,0,504
73,26,0,504
91,133,0,504
95,126,0,504
120,50,0,504
59,72,0,504
50,78,0,504
98,107,0,504
100,132,0,504
131,55,0,504
100,69,0,504
131,98,0,504
74,100,0,504
98,83,0,504
26,54,0,504
25,60,0,504
38,10,0,504
46,19,0,504
110,80,0,504
81,8,0,504
131,74,0,504
16,63,0,497
113,42,0,497
29,55,0,497
13,51,0,497
83,67,0,497
79,100,0,497
43,74,0,497
30,68,0,497
63,23,0,497
100,80,0,497
29,85,0,497
55,38,0,497
51,107,0,497
83,104,0,497
67,39,0,497
79,69,0,497
43,49,0,497
113,109,0,497
16,36,0,497
40,30,0,497
40,16,0,497
83,13,0,497
92,131,0,497
92,128,0,497
131,9,0,497
92,57,0,497
131,71,0,497
9,1,0,497
128,56,0,497
43,79,0,497
57,8,0,497
131,93,0,497
9,4,0,497
1,116,0,497
128,124,0,497
92,95,0,497
95,96,0,497
56,10,0,497
40,113,0,497
83,43,0,497
40,83,0,497
1,84,0,497
16,29,0,497
4,65,0,497
9,50,0,497
131,98,0,497
8,120,0,497
57,31,0,497
116,15,0,497
79,10,0,490
131,1,0,490
98,106,0,490
124,71,0,490
69,80,0,490
13,116,0,490
51,110,0,490
91,43,0,490
55,95,0,490
83,109,0,490
6,145,0,490
67,96,0,490
16,56,0,490
68,9,0,490
91,55,0,490
131,92,0,490
5,74,0,490
131,128,0,490
92,69,0,490
128,16,0,490
5,120,0,490
74,68,0,490
131,63,0,490
69,98,0,490
5,51,0,490
120,84,0,490
74,91,0,490
128,39,0,490
16,6,0,490
131,79,0,490
98,40,0,490
69,124,0,490
84,2,0,490
74,13,0,490
131,5,0,490
39,31,0,490
132,138,0,483
138,120,0,483
124,120,0,483
116,132,0,483
132,136,0,483
116,136,0,483
116,124,0,483
116,132,0,483
138,124,0,483
5,63,0,476
5,67,0,476
63,40,0,476
5,74,0,476
63,74,0,476
74,40,0,476
67,92,0,476
84,67,0,476
84,92,0,476
84,63,0,476
5,84,0,476
5,40,0,476
47,85,0,468
98,56,0,468
43,9,0,467
12,83,0,466
67,120,0,466
80,69,0,466
43,41,0,465
80,83,0,464
92,120,0,464
92,98,0,463
83,41,0,463
39,105,0,427
26,72,0,427
5,49,0,427
83,65,0,427
40,95,0,427
51,124,0,427
95,37,0,427
106,9,0,427
39,48,0,427
105,29,0,427
5,22,0,427
49,47,0,427
83,130,0,427
40,80,0,427
113,41,0,427
106,4,0,427
9,63,0,427
56,126,0,427
44,50,0,427
64,100,0,427
60,110,0,427
56,44,0,427
31,60,0,427
51,38,0,427
64,56,0,427
85,31,0,427
85,64,0,427
105,92,0,427
29,2,0,427
48,59,0,427
39,131,0,427
106,113,0,427
40,51,0,427
74,16,0,427
106,39,0,427
85,88,0,427
67,79,0,427
74,73,0,427
74,43,0,427
73,79,0,427
55,67,0,427
69,13,0,427
74,15,0,427
16,15,0,427
79,1,0,427
79,57,0,427
1,57,0,427
67,0,0,427
67,132,0,427
69,125,0,427
132,0,0,427
27,8,0,427
5,40,0,427
5,106,0,427
78,20,0,427
43,109,0,427
10,20,0,427
71,109,0,427
5,83,0,427
78,10,0,427
84,36,0,427
73,84,0,427
73,36,0,427
27,13,0,427
55,98,0,427
13,8,0,427
43,71,0,427
69,120,0,427
67,73,0,427
124,68,0,420
55,132,0,420
50,88,0,420
45,93,0,420
15,57,0,420
147,110,0,420
107,10,0,420
29,20,0,420
132,36,0,420
9,41,0,420
29,107,0,420
41,95,0,420
124,51,0,420
41,63,0,420
95,27,0,420
41,105,0,420
27,90,0,420
96,116,0,420
68,37,0,420
124,80,0,420
48,13,0,420
9,96,0,420
49,147,0,420
22,38,0,420
22,33,0,420
50,84,0,420
55,29,0,420
2,15,0,420
22,50,0,420
2,22,0,420
2,55,0,420
15,45,0,420
106,82,0,413
83,25,0,413
53,0,0,413
4,41,0,413
51,69,0,413
39,48,0,413
74,130,0,413
79,83,0,413
106,40,0,413
68,96,0,413
85,56,0,413
55,22,0,413
113,90,0,413
107,23,0,413
132,45,0,413
109,91,0,413
63,100,0,413
98,10,0,413
16,50,0,413
105,67,0,413
147,54,0,413
74,85,0,413
19,89,0,413
113,19,0,413
131,93,0,413
92,109,0,413
5,74,0,413
5,68,0,413
74,51,0,413
68,147,0,413
5,63,0,413
74,132,0,413
51,106,0,413
68,9,0,413
147,107,0,413
5,98,0,413
132,55,0,413
63,131,0,413
74,113,0,413
106,79,0,413
79,80,0,413
51,39,0,413
9,4,0,413
107,53,0,413
147,105,0,413
5,16,0,413
98,64,0,413
63,13,0,413
132,92,0,413
69,146,0,413
147,46,0,413
84,125,0,413
19,20,0,413
89,120,0,413
85,99,0,413
130,17,0,413
74,49,0,413
40,29,0,413
82,71,0,413
106,42,0,413
83,14,0,413
80,81,0,413
79,60,0,413
51,27,0,413
27,110,0,413
51,72,0,413
48,116,0,413
90,33,0,413
55,144,0,413
69,77,0,413
132,43,0,413
68,12,0,413
96,57,0,413
41,6,0,413
4,73,0,413
0,58,0,413
107,47,0,413
54,95,0,413
22,36,0,413
5,26,0,413
50,97,0,413
16,31,0,413
64,134,0,413
93,2,0,413
100,75,0,413
63,30,0,413
93,19,0,395
0,1,0,395
93,115,0,395
10,19,0,395
131,52,0,395
1,77,0,395
102,64,0,395
43,30,0,394
78,30,0,394
109,111,0,394
100,38,0,394
54,57,1,394
42,57,1,394
132,81,1,394
131,33,0,392
145,49,0,392
113,80,0,392
43,71,0,392
49,96,0,392
145,9,0,392
113,19,0,392
96,93,0,392
71,133,0,392
145,2,0,392
80,64,0,392
20,8,1,392
113,145,0,392
110,20,1,392
33,57,0,392
77,135,0,392
110,28,1,392
10,47,0,392
110,87,1,392
20,109,1,392
110,143,1,392
87,72,1,392
69,48,0,392
28,38,1,392
143,101,1,392
8,14,1,392
72,26,1,392
42,60,1,392
14,58,1,392
20,36,1,392
67,29,0,392
107,69,0,392
87,59,1,392
40,92,0,385
113,1,0,385
40,16,0,385
113,85,0,385
40,113,0,385
72,60,1,385
90,28,1,385
26,8,1,385
38,36,1,385
109,17,1,385
16,98,0,385
121,20,1,385
113,74,0,385
74,100,0,385
85,0,0,385
16,31,0,385
92,33,0,385
16,79,0,385
14,110,1,385
113,64,0,385
1,57,0,385
131,22,0,385
40,96,0,385
56,49,0,385
33,15,0,385
92,80,0,385
79,9,0,385
1,2,0,385
94,59,1,385
14,94,1,385
55,121,1,385
67,95,0,385
67,48,0,385
67,10,0,385
48,53,0,385
95,29,0,385
10,107,0,385
53,83,0,385
48,39,0,385
95,81,0,385
10,77,0,385
53,114,0,385
48,25,0,385
29,147,0,385
76,45,0,385
128,55,1,385
128,72,1,385
55,58,1,385
128,14,1,385
72,109,1,385
58,120,1,385
55,90,1,385
128,50,1,385
72,23,1,385
109,88,1,385
58,30,1,385
120,38,1,385
90,26,1,385
50,6,1,385
98,63,0,385
40,56,0,385
72,8,1,378
8,59,1,378
72,109,1,378
55,36,1,378
6,87,1,378
14,23,1,378
54,120,1,378
60,42,1,378
58,101,1,378
8,90,1,378
59,38,1,378
72,88,1,378
109,26,1,378
110,58,1,378
79,64,0,378
64,145,0,378
57,16,0,378
64,98,0,378
145,1,0,378
57,33,0,378
98,35,0,378
1,2,0,378
145,113,0,378
64,144,0,378
1,97,0,378
145,65,0,378
55,28,1,378
79,57,0,378
54,60,1,378
36,30,1,378
128,6,1,378
54,110,1,378
14,50,1,378
128,14,1,378
55,72,1,378
128,54,1,378
55,128,1,378
27,31,0,378
96,22,0,378
4,80,0,378
100,13,0,378
132,21,0,378
85,49,0,378
92,27,0,378
9,19,0,378
4,132,0,378
40,4,0,378
40,32,0,378
40,92,0,378
132,63,0,378
40,37,0,378
92,96,0,378
4,62,0,378
132,100,0,378
4,0,0,378
62,56,0,378
37,9,0,378
63,85,0,378
90,110,1,371
37,100,0,371
54,88,1,371
54,90,1,371
56,51,0,371
0,132,0,371
85,22,0,371
41,49,0,371
40,136,0,371
79,123,0,371
99,105,0,371
88,36,1,371
43,13,0,371
54,17,1,371
14,94,1,371
90,14,1,371
88,120,1,371
54,23,1,371
17,26,1,371
110,42,1,371
90,109,1,371
88,70,1,371
36,8,1,371
54,58,1,371
17,60,1,371
42,30,1,371
90,6,1,371
5,125,0,371
110,50,1,371
63,96,0,371
98,131,0,371
0,37,0,371
98,68,0,371
68,67,0,371
68,48,0,371
67,69,0,371
131,73,0,371
98,25,0,371
48,116,0,371
68,53,0,371
67,83,0,371
131,81,0,371
25,84,0,371
48,143,0,371
116,77,0,371
80,92,0,371
53,29,0,371
69,39,0,371
131,147,0,371
25,107,0,371
40,63,0,371
40,5,0,371
63,0,0,371
40,43,0,371
0,80,0,371
63,56,0,371
5,85,0,371
79,99,0,371
40,57,0,371
43,41,0,371
83,95,0,371
5,79,0,371
42,59,0,364
128,40,0,364
113,2,0,364
10,120,0,364
1,95,0,364
131,48,0,364
40,116,0,364
100,9,0,364
0,38,0,364
42,39,0,364
84,23,0,364
63,132,0,364
93,83,0,364
25,73,0,364
69,29,0,364
27,16,0,364
47,74,0,364
105,46,0,364
12,49,0,364
47,3,0,364
70,44,0,364
27,80,0,364
29,114,0,364
25,26,0,364
93,72,0,364
19,98,0,364
132,71,0,364
100,22,0,364
1,76,0,364
10,30,0,364
2,78,0,364
19,107,0,364
147,6,0,364
23,20,0,364
110,130,0,364
4,90,0,364
92,60,0,364
69,70,0,364
55,63,0,364
96,42,0,364
40,0,0,364
113,1,0,364
67,19,0,364
128,85,0,364
92,68,0,364
69,55,0,364
40,96,0,364
113,67,0,364
128,92,0,364
40,69,0,364
67,147,0,364
128,124,0,364
124,4,0,364
128,113,0,364
68,79,0,364
79,105,0,364
124,13,0,364
128,41,0,364
70,47,0,364
69,27,0,364
55,25,0,364
63,93,0,364
68,12,0,364
42,84,0,364
96,51,0,364
0,100,0,364
1,131,0,364
113,10,0,364
67,110,0,364
92,109,0,364
114,88,0,350
36,27,0,350
26,72,0,350
48,59,0,350
49,60,0,350
109,114,0,350
92,36,0,350
33,55,0,350
48,73,0,350
49,98,0,350
63,107,0,350
45,43,0,350
10,147,0,350
79,41,0,350
80,30,0,350
40,26,0,350
90,99,0,350
42,110,0,350
42,29,0,350
107,57,0,350
93,3,0,350
12,6,0,350
50,76,0,350
25,71,0,350
100,81,0,350
19,38,0,350
14,4,0,350
74,2,0,350
95,93,0,350
132,120,0,350
51,90,0,350
69,82,0,350
80,13,0,350
2,37,0,350
132,20,0,350
16,12,0,350
10,79,0,350
25,0,0,350
109,80,0,350
113,50,0,350
40,49,0,350
45,10,0,350
113,63,0,350
100,56,0,350
67,131,0,350
51,74,0,350
128,68,0,350
40,45,0,350
113,100,0,350
128,67,0,350
40,51,0,350
113,128,0,350
40,113,0,350
33,65,0,350
51,109,0,350
128,14,0,350
41,97,0,350
67,83,0,350
56,84,0,350
113,16,0,350
63,95,0,350
10,146,0,350
45,33,0,350
49,48,0,350
109,92,0,350
100,25,0,350
51,132,0,350
131,23,0,350
80,69,0,350
100,9,0,350
68,96,0,350
131,19,0,350
96,116,0,350
74,42,0,350
56,105,0,350
62,99,1,336
26,13,1,336
62,120,1,336
99,37,1,336
26,85,1,336
37,56,1,336
99,64,1,336
101,12,1,336
62,2,1,336
99,60,1,336
26,62,1,336
120,101,1,336
13,105,1,336
42,28,1,336
75,77,1,336
84,95,1,336
84,49,1,336
84,110,1,336
49,30,1,336
95,72,1,336
110,38,1,336
49,9,1,336
30,147,1,336
96,144,1,336
95,104,1,336
72,79,1,336
49,81,1,336
17,82,1,336
30,61,1,336
95,133,1,336
104,8,1,336
69,90,1,336
90,17,1,336
90,42,1,336
17,125,1,336
27,59,1,336
90,75,1,336
42,97,1,336
125,29,1,336
17,68,1,336
59,46,1,336
147,22,1,336
69,27,1,336
107,47,1,336
30,2,1,329
12,98,1,329
84,56,1,329
67,1,1,329
132,16,1,329
74,64,1,329
120,95,1,329
79,50,1,329
124,110,1,329
23,15,1,329
80,93,1,329
63,88,1,329
0,57,1,329
51,96,1,329
98,4,1,329
12,8,1,329
56,19,1,329
1,85,1,329
16,147,1,329
132,100,1,329
54,43,1,329
105,14,1,329
64,72,1,329
109,55,1,329
131,30,1,329
54,105,1,329
0,9,1,329
63,131,1,329
131,113,1,329
63,67,1,329
73,109,1,329
131,40,1,329
63,12,1,329
67,74,1,329
120,5,1,329
113,79,1,329
40,0,1,329
113,120,1,329
63,51,1,329
12,84,1,329
67,132,1,329
74,54,1,329
120,133,1,329
79,124,1,329
113,23,1,329
40,80,1,329
131,73,1,329
30,22,1,322
31,77,1,322
35,12,1,322
29,26,1,322
126,47,1,322
37,93,1,322
80,49,1,322
131,37,1,322
67,19,1,322
56,29,1,322
56,67,1,322
131,42,1,322
14,63,1,322
37,126,1,322
17,36,1,322
14,95,1,322
131,17,1,322
95,132,1,322
67,30,1,322
58,101,1,322
21,32,1,322
131,56,1,322
50,65,1,322
105,85,1,322
132,3,1,322
33,141,1,322
144,1,1,322
63,58,1,322
21,2,1,322
50,43,1,322
14,33,1,322
5,144,1,322
63,21,1,322
14,5,1,322
24,60,1,322
42,80,1,322
147,48,1,322
13,51,1,322
109,84,1,322
96,100,1,322
128,9,1,322
74,98,1,322
13,109,1,322
120,55,1,322
128,96,1,322
128,13,1,322
128,74,1,322
56,31,1,322
29,35,1,322
37,0,1,322
136,88,1,322
74,120,1,322
113,39,1,322
120,113,1,322
74,83,1,322
98,16,1,322
74,38,1,322
83,24,1,322
98,123,1,322
113,23,1,322
120,27,1,322
55,99,1,322
39,15,1,322
100,57,1,322
13,136,1,322
84,147,1,322
100,69,1,322
96,90,1,322
9,72,1,322
128,81,1,322
51,54,1,322
110,29,1,315
46,83,1,315
42,95,1,315
67,37,1,315
74,30,1,315
72,13,1,315
43,101,1,315
69,90,1,315
38,109,1,315
12,147,1,315
14,92,1,315
131,57,1,315
96,8,1,315
55,82,1,315
65,68,1,315
31,56,1,315
123,107,1,315
100,93,1,315
79,2,1,315
31,50,1,315
82,91,1,315
46,104,1,315
29,81,1,315
72,48,1,315
65,54,1,315
90,10,1,315
12,80,1,315
14,27,1,315
57,59,1,315
17,58,1,315
88,41,1,315
49,105,1,315
26,15,1,315
123,132,1,315
17,120,1,315
36,78,1,315
136,84,1,315
31,40,1,315
46,67,1,315
74,72,1,315
12,38,1,315
43,96,1,315
77,88,1,315
51,63,1,315
128,16,1,315
128,0,1,315
12,74,1,315
43,77,1,315
128,51,1,315
12,31,1,315
128,43,1,315
88,85,1,315
128,12,1,315
31,46,1,315
51,9,1,315
63,39,1,315
88,136,1,315
63,1,1,315
9,49,1,315
51,36,1,315
0,26,1,315
16,33,1,315
128,100,1,315
31,98,1,315
46,55,1,315
40,123,1,315
74,110,1,315
72,65,1,315
38,69,1,315
12,14,1,315
96,131,1,315
43,79,1,315
77,17,1,315
67,42,1,315
80,39,1,301
26,13,1,301
43,36,1,301
69,77,1,301
120,136,1,301
74,81,1,301
42,68,1,301
72,27,1,301
0,15,1,301
107,79,1,301
17,67,1,301
113,41,1,301
33,51,1,301
115,132,1,301
40,100,1,301
128,8,1,301
42,38,1,301
105,37,1,301
26,28,1,301
36,10,1,301
136,23,1,301
81,14,1,301
100,93,1,301
15,133,1,301
17,54,1,301
90,144,1,301
41,88,1,301
33,116,1,301
50,56,1,301
50,22,1,301
57,60,1,301
71,126,1,301
6,4,1,301
65,29,1,301
110,58,1,301
57,147,1,301
5,90,1,301
131,145,1,301
5,16,1,301
43,115,1,301
74,120,1,301
40,0,1,301
17,63,1,301
109,113,1,301
84,50,1,301
55,19,1,301
131,105,1,301
74,43,1,301
40,17,1,301
84,109,1,301
131,5,1,301
40,74,1,301
131,84,1,301
40,131,1,301
5,55,1,301
84,71,1,301
105,65,1,301
84,57,1,301
6,95,1,301
65,106,1,301
105,92,1,301
55,62,1,301
19,98,1,301
16,1,1,301
115,91,1,301
131,6,1,301
115,128,1,301
120,69,1,301
74,80,1,301
40,72,1,301
0,107,1,301
63,96,1,301
113,123,1,301
109,33,1,301
43,26,1,301
50,42,1,301
123,110,1,301
16,67,1,287
116,71,1,287
109,58,1,287
110,38,1,287
55,15,1,287
145,46,1,287
33,91,1,287
68,33,1,287
71,89,1,287
124,62,1,287
58,8,1,287
110,19,1,287
38,3,1,287
54,0,1,287
54,16,1,287
116,23,1,287
55,110,1,287
124,95,1,287
116,68,1,287
16,37,1,287
84,107,1,287
54,85,1,287
0,45,1,287
109,124,1,287
16,26,1,287
67,29,1,287
37,72,1,287
54,14,1,287
29,57,1,287
145,109,1,287
145,116,1,287
109,55,1,287
145,92,1,287
107,28,1,287
54,84,1,287
109,17,1,280
58,9,1,280
79,85,1,280
41,1,1,280
80,93,1,280
63,91,1,280
131,3,1,280
74,26,1,280
29,132,1,280
39,112,1,280
128,120,1,280
74,61,1,280
5,58,1,280
51,80,1,280
131,109,1,280
84,54,1,280
0,16,1,280
90,39,1,280
128,74,1,280
5,51,1,280
84,131,1,280
0,90,1,280
5,128,1,280
84,0,1,280
5,84,1,280
96,144,1,280
90,43,1,280
54,68,1,280
0,69,1,280
84,46,1,280
46,108,1,280
77,113,1,280
16,100,1,280
69,31,1,280
43,38,1,280
90,98,1,280
39,75,1,280
128,83,1,280
120,55,1,280
61,6,1,280
74,23,1,280
5,96,1,280
58,79,1,280
51,41,1,280
80,63,1,280
109,67,1,280
54,29,1,280
16,77,1,280
67,71,1,280
5,19,1,280
25,37,1,280
54,28,1,280
29,141,1,280
132,12,1,280
108,56,1,280
46,14,1,280
113,62,1,280
100,33,1,280
31,105,1,280
43,20,1,280
38,30,1,280
68,138,1,280
90,124,1,280
75,47,1,280
112,40,1,280
128,25,1,280
83,136,1,280
120,123,1,280
55,34,1,280
6,27,1,280
61,106,1,280
23,81,1,280
128,126,1,280
39,107,1,280
67,53,1,280
0,89,1,280
17,36,1,280
136,59,1,280
83,116,1,280
71,2,1,280
6,92,1,280
27,121,1,280
106,48,1,280
23,72,1,280
5,114,1,280
96,145,1,280
58,146,1,280
85,60,1,280
34,104,1,280
51,22,1,280
79,15,1,280
109,88,1,280
131,45,1,280
63,50,1,280
91,140,1,280
3,110,1,280
80,147,1,280
41,13,1,280
1,8,1,280
93,10,1,280
69,120,2,266
69,132,2,266
19,67,2,266
2,74,2,266
12,68,2,266
79,82,2,266
37,80,2,266
120,33,2,266
67,31,2,266
80,73,2,266
12,46,2,266
68,64,2,266
37,77,2,266
120,78,2,266
132,29,2,266
19,83,2,266
31,91,2,266
79,37,2,266
2,45,2,266
12,2,2,266
85,47,2,266
12,79,2,266
69,19,2,266
47,130,2,266
85,100,2,266
47,10,2,266
130,48,2,266
100,113,2,266
10,40,2,266
48,43,2,266
85,105,2,266
85,98,2,266
100,93,2,266
113,57,2,266
10,145,2,266
47,139,2,266
105,71,2,266
93,27,2,266
100,116,2,266
57,15,2,266
98,50,2,266
69,12,2,266
10,67,2,259
98,23,2,259
106,69,2,259
16,109,2,259
106,55,2,259
131,120,2,259
98,10,2,259
128,16,2,259
120,147,2,259
128,132,2,259
128,71,2,259
10,32,2,259
16,100,2,259
109,68,2,259
69,56,2,259
106,13,2,259
47,105,2,259
55,95,2,259
98,4,2,259
23,48,2,259
98,131,2,259
67,72,2,259
147,107,2,259
132,96,2,259
128,106,2,259
55,47,2,259
74,33,2,259
128,98,2,259
57,63,2,259
57,0,2,259
9,40,2,259
63,85,2,259
57,113,2,259
0,54,2,259
40,50,2,259
9,116,2,259
63,17,2,259
85,79,2,259
57,12,2,259
63,9,2,259
0,83,2,259
113,80,2,259
83,89,2,259
113,2,2,259
80,31,2,259
12,65,2,259
0,30,2,259
79,45,2,259
85,26,2,259
40,29,2,259
54,74,2,259
57,43,2,259
54,91,2,259
95,76,2,252
68,33,2,252
109,46,2,252
33,95,2,252
68,107,2,252
48,67,2,252
76,116,2,252
107,144,2,252
68,110,2,252
46,80,2,252
109,48,2,252
33,100,2,252
107,90,2,252
110,81,2,252
33,54,2,252
109,68,2,252
91,37,2,252
45,149,2,252
45,10,2,252
10,17,2,252
45,89,2,252
10,91,2,252
45,71,2,252
89,72,2,252
17,74,2,252
89,99,2,252
45,147,2,252
89,65,2,252
99,96,2,252
17,38,2,252
47,2,2,252
71,8,2,252
22,27,2,252
71,22,2,252
91,26,2,252
128,40,2,245
5,113,2,245
128,5,2,245
5,63,2,245
62,71,2,245
128,54,2,245
5,47,2,245
1,90,2,245
120,88,2,245
44,53,2,245
57,107,2,245
15,87,2,245
63,31,2,245
32,84,2,245
83,33,2,245
65,91,2,245
49,76,2,245
113,23,2,245
74,4,2,245
50,147,2,245
45,55,2,245
132,109,2,245
19,29,2,245
40,10,2,245
73,0,2,245
131,26,2,245
16,69,2,245
40,19,2,245
40,45,2,245
128,131,2,245
5,79,2,245
63,57,2,245
65,83,2,245
113,59,2,245
45,74,2,245
40,132,2,245
131,16,2,245
128,73,2,245
5,1,2,245
79,120,2,245
57,44,2,245
63,15,2,245
83,32,2,245
113,49,2,245
74,50,2,245
45,37,2,245
132,68,2,245
131,96,2,245
96,56,2,245
113,65,2,245
73,98,2,245
49,13,2,245
76,77,2,245
23,95,2,245
74,30,2,245
147,25,2,245
37,141,2,245
45,36,2,245
55,125,2,245
132,61,2,245
19,85,2,245
29,28,2,245
10,123,2,245
26,136,2,245
56,46,2,245
96,145,2,245
138,105,2,245
73,80,2,245
27,93,2,245
69,138,2,245
59,39,2,245
67,17,2,245
109,81,2,245
91,2,2,245
129,64,2,245
0,82,2,245
54,27,2,245
128,62,2,245
5,38,2,245
47,116,2,245
90,72,2,245
79,8,2,245
120,58,2,245
53,92,2,245
1,100,2,245
44,78,2,245
57,48,2,245
15,115,2,245
87,110,2,245
31,144,2,245
63,75,2,245
32,22,2,245
33,89,2,245
65,9,2,245
61,90,1,231
72,28,1,231
63,99,1,231
0,36,1,231
63,0,1,231
120,136,1,231
61,72,1,231
109,20,1,231
136,100,1,231
109,144,1,231
24,96,1,231
18,22,2,231
36,59,1,231
10,149,2,231
10,93,2,231
149,48,2,231
10,47,2,231
149,18,2,231
47,32,2,231
10,130,2,231
47,114,2,231
84,61,1,231
20,110,1,231
63,109,1,231
84,123,1,231
63,84,1,231
84,120,1,231
38,141,1,231
8,95,1,231
38,88,1,231
141,17,1,231
8,58,1,231
95,97,1,231
38,9,1,231
88,1,1,231
17,77,1,231
141,30,1,231
8,80,1,231
38,8,1,231
95,138,1,231
38,25,1,231
88,35,1,231
1,26,1,231
77,64,1,231
30,62,1,231
141,46,1,231
58,111,1,231
138,145,1,231
8,6,1,231
97,50,1,231
97,104,1,231
17,109,1,224
63,72,1,224
24,112,1,224
77,2,1,224
50,90,1,224
42,28,1,224
144,62,1,224
145,59,1,224
105,1,1,224
84,110,1,224
77,63,1,224
96,38,1,224
105,136,1,224
132,30,1,224
136,132,1,224
1,26,1,224
80,88,1,224
136,126,1,224
105,61,1,224
1,20,1,224
26,25,1,224
88,115,1,224
136,119,1,224
46,17,1,224
105,64,1,224
102,37,1,224
88,8,1,224
1,80,1,224
120,24,1,224
14,95,1,224
0,44,1,224
144,96,1,224
67,76,0,224
67,107,0,224
67,11,0,224
107,86,0,224
76,45,0,224
93,98,0,224
11,146,0,224
86,13,0,224
45,116,0,224
76,39,0,224
93,89,0,224
98,41,0,224
11,47,0,224
76,93,0,224
116,75,0,224
145,14,1,224
146,147,0,224
84,42,1,224
50,120,1,224
0,144,1,224
145,84,1,224
46,77,1,224
0,145,1,224
0,50,1,224
41,3,0,224
89,18,0,224
93,22,0,224
50,46,1,224
86,87,0,217
86,114,0,217
98,108,0,217
86,18,0,217
114,55,0,217
78,42,0,217
18,111,0,217
16,93,0,217
85,67,0,217
13,16,0,217
67,47,0,217
85,107,0,217
98,68,0,217
13,69,0,217
67,4,0,217
47,45,0,217
13,85,0,217
74,54,0,217
110,141,1,217
74,43,0,217
107,53,0,217
110,30,1,217
110,90,1,217
30,50,1,217
90,59,1,217
30,71,1,217
59,77,1,217
98,86,0,217
110,26,1,217
38,8,1,217
30,46,1,217
71,17,1,217
50,37,1,217
8,58,1,217
46,14,1,217
74,98,0,217
50,112,1,217
50,38,1,217
85,3,0,217
93,82,0,217
41,25,0,217
100,22,0,217
48,23,0,217
32,91,0,217
116,76,0,217
135,75,0,217
69,31,0,217
146,147,0,217
13,33,0,217
123,106,0,217
82,92,0,217
16,100,0,217
100,39,0,217
16,48,0,217
3,57,0,217
85,32,0,217
53,79,0,217
47,10,0,217
4,116,0,217
67,135,0,217
69,146,0,217
13,123,0,217
93,41,0,217
76,43,0,210
106,90,0,210
3,45,0,210
29,100,0,210
40,136,0,210
79,57,0,210
95,42,0,210
147,72,0,210
75,92,0,210
68,23,0,210
4,80,0,210
96,107,0,210
48,31,0,210
25,10,0,210
0,85,0,210
132,116,0,210
93,54,0,210
142,13,0,210
98,55,0,210
120,39,0,210
41,46,0,210
120,41,0,210
73,33,0,210
67,93,0,210
98,142,0,210
98,40,0,210
84,132,0,210
113,98,0,210
113,68,0,210
98,96,0,210
68,128,0,210
113,3,0,210
96,48,0,210
128,79,0,210
68,29,0,210
3,76,0,210
96,84,0,210
113,4,0,210
40,120,0,210
96,0,0,210
48,63,0,210
113,73,0,210
4,75,0,210
98,67,0,210
3,74,0,210
76,106,0,210
68,109,0,210
79,95,0,210
128,147,0,210
29,131,0,210
43,106,0,203
75,89,0,203
79,41,0,203
147,45,0,203
1,116,0,203
3,98,0,203
68,95,0,203
93,145,0,203
5,96,0,203
105,77,0,203
69,85,0,203
54,65,0,203
96,90,0,203
48,17,0,203
10,2,0,203
92,73,0,203
0,16,0,203
39,33,0,203
120,13,0,203
14,109,0,203
80,123,0,203
67,132,0,203
3,55,0,203
98,107,0,203
100,91,0,203
14,113,0,203
67,80,0,203
5,67,0,203
40,120,0,203
5,128,0,203
128,79,0,203
5,0,0,203
128,75,0,203
79,105,0,203
0,10,0,203
128,68,0,203
75,1,0,203
79,74,0,203
10,48,0,203
0,40,0,203
105,100,0,203
5,3,0,203
0,39,0,203
10,92,0,203
48,131,0,203
100,63,0,203
67,14,0,203
79,43,0,203
105,54,0,203
75,84,0,203
1,69,0,203
68,93,0,203
128,47,0,203
74,147,0,203
76,144,0,196
106,64,0,196
110,59,0,196
116,145,0,196
19,46,0,196
85,124,0,196
116,27,0,196
149,58,0,196
64,62,0,196
86,22,0,196
124,81,0,196
149,61,0,196
121,49,0,196
50,121,0,196
75,85,0,196
43,130,0,196
53,29,0,196
110,132,0,196
110,43,0,196
110,50,0,196
106,2,0,196
132,75,0,196
132,106,0,196
50,149,0,196
110,76,0,196
2,116,0,196
106,19,0,196
132,86,0,196
43,53,0,196
64,45,0,189
113,1,0,189
136,55,0,189
128,13,0,189
40,110,0,189
5,72,0,189
50,101,0,189
78,48,0,189
67,58,0,189
138,74,0,189
46,84,0,189
147,30,0,189
68,65,0,189
69,61,0,189
10,115,0,189
130,19,0,189
63,3,0,189
71,73,0,189
124,79,0,189
98,54,0,189
31,26,0,189
124,53,0,189
54,149,0,189
130,46,0,189
5,40,0,189
5,147,0,189
40,128,0,189
5,67,0,189
147,69,0,189
40,63,0,189
128,0,0,189
5,78,0,189
67,138,0,189
147,68,0,189
69,130,0,189
63,124,0,189
40,98,0,189
0,113,0,189
128,136,0,189
5,50,0,189
67,148,0,189
138,64,0,189
147,31,0,189
68,96,0,189
69,10,0,189
63,71,0,189
40,37,0,189
0,16,0,189
1,90,0,189
63,140,0,189
3,25,0,189
71,23,0,189
73,93,0,189
53,51,0,189
149,8,0,189
54,144,0,189
110,43,0,189
113,80,0,189
46,107,0,189
113,17,0,189
90,111,0,189
4,91,0,189
77,22,0,189
0,76,0,189
55,123,0,189
136,27,0,189
145,85,0,189
13,59,0,189
56,47,0,189
1,39,0,189
130,99,0,189
37,75,0,189
10,82,0,189
19,106,0,189
16,4,0,189
0,77,0,189
136,145,0,189
13,56,0,189
128,89,0,189
5,62,0,189
50,116,0,189
109,135,0,189
78,28,0,189
48,92,0,189
128,86,0,189
148,33,0,189
64,49,0,189
138,105,0,189
26,131,0,189
31,132,0,189
147,38,0,189
30,57,0,189
96,29,0,189
61,81,0,189
115,2,0,189
58,95,0,189
10,138,0,174
93,1,0,174
111,56,0,174
85,100,0,174
78,69,0,173
142,120,0,173
132,96,0,173
125,72,0,173
13,98,0,173
124,41,0,173
56,68,0,172
85,69,0,172
98,93,0,172
10,75,0,172
136,42,0,171
80,54,0,171
100,78,0,171
50,8,0,171
5,96,0,171
1,55,0,171
81,104,0,171
36,131,0,171
41,138,0,170
100,68,0,170
111,48,0,170
17,21,1,170
54,142,0,170
132,50,0,170
148,14,0,170
13,145,0,169
78,85,0,169
56,117,0,169
93,55,0,169
37,25,0,166
16,58,0,166
95,91,0,166
0,99,0,166
106,90,0,166
16,37,0,166
0,95,0,166
65,120,0,166
0,16,0,166
0,65,0,166
65,47,0,166
120,71,0,166
65,13,0,166
71,29,0,166
39,12,0,166
31,55,0,166
106,62,0,166
39,89,0,166
12,42,0,166
31,4,0,166
48,146,0,166
62,130,0,166
51,48,0,166
31,136,0,166
51,106,0,166
51,39,0,166
29,57,0,166
65,116,0,166
14,97,0,166
47,75,0,166
25,76,0,166
99,59,0,166
39,31,0,166
47,14,0,166
123,56,0,161
106,105,0,161
104,33,0,161
10,71,0,161
61,19,0,161
30,58,0,161
29,1,0,161
141,50,0,161
81,7,0,161
61,57,0,161
30,29,0,161
104,110,0,161
106,81,0,161
10,104,0,161
61,30,0,161
141,132,0,161
106,85,0,161
10,61,0,161
106,141,0,161
10,106,0,161
141,123,0,161
40,0,0,159
40,98,0,159
113,40,0,159
113,128,0,159
128,84,0,159
128,17,0,159
0,54,0,159
120,51,0,159
113,16,0,159
90,89,0,159
84,12,0,159
131,92,0,159
16,48,0,159
39,146,0,159
113,13,0,159
136,107,0,159
54,74,0,159
63,55,0,159
0,23,0,159
98,4,0,159
40,93,0,159
93,80,0,159
84,90,0,159
16,131,0,159
113,39,0,159
128,120,0,159
54,136,0,159
93,63,0,159
40,68,0,159
0,96,0,159
49,31,0,154
23,144,0,154
82,146,0,154
130,50,0,154
56,37,0,154
136,105,0,154
107,38,0,154
61,58,0,154
145,99,0,154
39,77,0,154
42,114,0,154
14,1,0,154
115,71,0,154
41,6,0,154
46,2,0,154
116,72,0,154
29,59,0,154
65,4,0,154
48,91,0,154
118,95,0,154
76,26,0,154
17,18,0,154
7,62,0,154
65,0,0,154
40,42,0,154
115,14,0,154
84,45,0,154
63,10,0,154
68,145,0,154
107,136,0,154
23,67,0,154
54,80,0,154
16,51,0,154
128,13,0,154
106,109,0,154
147,113,0,154
79,46,0,154
115,84,0,154
63,68,0,154
93,107,0,154
54,23,0,154
16,128,0,154
106,147,0,154
79,115,0,154
80,69,0,154
63,93,0,154
16,54,0,154
79,106,0,154
63,16,0,154
79,63,0,154
46,116,0,154
113,110,0,154
93,74,0,154
109,19,0,154
106,118,0,154
109,48,0,154
19,92,0,154
147,88,0,154
113,29,0,154
116,131,0,154
147,65,0,154
79,41,0,154
115,98,0,154
14,85,0,154
45,17,0,154
84,39,0,154
63,49,0,154
46,90,0,154
68,61,0,154
145,96,0,154
106,40,0,154
128,33,0,154
13,7,0,154
33,81,0,154
23,132,0,154
16,76,0,154
67,82,0,154
74,130,0,154
93,56,0,154
136,12,0,154
107,55,0,154
30,133,0,140
57,33,0,140
44,81,0,140
101,12,0,140
56,138,0,140
139,15,0,140
123,64,0,140
81,86,0,140
139,26,0,140
15,49,0,140
33,59,0,140
44,2,0,140
101,71,0,140
58,123,0,140
58,115,0,140
17,30,0,140
57,44,0,140
44,101,0,140
29,92,0,140
147,68,0,140
31,98,0,140
74,56,0,140
147,31,0,140
65,112,0,140
3,19,0,140
1,78,0,140
107,110,0,140
99,45,0,140
80,14,0,140
10,65,0,140
125,1,0,140
50,107,0,140
99,80,0,140
85,100,0,140
95,131,0,140
3,10,0,140
50,125,0,140
99,85,0,140
3,50,0,140
99,95,0,140
3,99,0,140
105,42,0,140
98,23,0,140
147,29,0,140
68,48,0,140
57,139,0,140
145,58,0,140
74,17,0,140
145,74,0,140
57,145,0,140
31,46,0,140
29,39,0,140
61,37,0,140
92,76,0,140
47,0,0,140
147,25,0,140
84,82,0,140
68,77,0,140
31,69,0,140
46,79,0,140
23,109,0,140
98,124,0,140
105,51,0,140
67,55,0,140
29,84,0,140
92,61,0,140
147,47,0,140
48,75,0,140
78,31,0,133
68,62,0,133
0,61,0,133
136,8,0,133
63,105,0,133
113,40,0,133
3,77,0,133
80,109,0,133
113,147,0,133
125,76,0,133
69,13,0,133
74,30,0,133
93,138,0,133
132,107,0,133
110,37,0,133
4,17,0,133
67,75,0,133
123,1,0,133
56,9,0,133
98,23,0,133
85,112,0,133
12,45,0,133
79,14,0,133
131,95,0,133
54,10,0,133
84,57,0,133
92,79,0,133
40,74,0,133
113,63,0,133
40,51,0,133
74,78,0,133
63,0,0,133
51,65,0,133
113,69,0,133
93,29,0,133
138,84,0,133
90,106,0,133
79,12,0,133
16,120,0,133
40,145,0,133
113,80,0,133
69,3,0,133
63,136,0,133
0,55,0,133
93,54,0,133
74,125,0,133
51,132,0,133
40,16,0,133
78,68,0,133
79,93,0,133
131,90,0,133
92,123,0,133
79,85,0,133
131,110,0,133
90,4,0,133
123,67,0,133
92,56,0,133
92,131,0,133
85,98,0,133
54,105,0,126
16,120,0,126
92,12,0,126
65,62,0,126
0,19,0,126
51,75,0,126
50,144,0,126
57,69,0,126
93,29,0,126
79,106,0,126
56,10,0,126
109,3,0,126
131,30,0,126
113,48,0,126
98,14,0,126
56,68,0,126
63,39,0,126
109,84,0,126
77,67,0,126
79,9,0,126
16,40,0,126
74,92,0,126
0,93,0,126
51,50,0,126
65,128,0,126
90,95,0,126
57,54,0,126
85,45,0,126
85,96,0,126
51,65,0,126
5,16,0,126
5,63,0,126
16,74,0,126
5,131,0,126
63,98,0,126
16,79,0,126
5,90,0,126
74,51,0,126
131,77,0,126
98,113,0,126
9,132,0,126
79,109,0,126
16,57,0,126
74,0,0,126
5,85,0,126
96,147,0,126
63,56,0,126
77,145,0,126
67,110,0,126
48,107,0,126
14,64,0,126
98,4,0,126
68,2,0,126
39,47,0,126
30,1,0,126
93,123,0,119
93,6,0,119
115,9,0,119
12,66,0,119
124,120,0,119
10,61,0,119
99,19,0,119
12,115,0,119
61,37,0,119
10,124,0,119
144,56,0,119
1,72,0,119
33,17,0,119
129,82,0,119
80,29,0,119
6,112,0,119
144,1,0,119
51,22,0,119
129,33,0,119
93,30,0,119
6,57,0,119
123,51,0,119
124,12,0,119
10,99,0,119
19,104,0,119
93,129,0,119
10,8,0,119
124,44,0,119
75,130,0,119
115,102,0,119
9,95,0,119
37,141,0,119
8,26,0,119
99,110,0,119
6,80,0,119
5,131,0,112
5,79,0,112
113,131,0,112
5,128,0,112
113,40,0,112
5,113,0,112
131,74,0,112
128,40,0,112
128,63,0,112
0,128,0,112
40,63,0,112
40,0,0,112
0,63,0,112
113,74,0,112
113,5,0,112
111,142,0,104
125,47,0,103
98,132,0,103
56,136,0,102
113,85,0,102
95,124,0,102
5,55,0,102
105,111,0,101
98,100,0,101
95,120,0,100
113,5,0,100
136,105,0,99
113,98,0,99
141,145,0,98
145,144,0,98
141,138,0,98
145,138,0,98
145,126,0,98
145,133,0,98
138,133,0,98
133,126,0,98
144,149,0,98
141,144,0,98
126,138,0,98
141,149,0,98
47,76,0,63
93,149,0,63
125,90,0,63
130,41,0,63
16,4,0,63
0,79,0,63
79,46,0,63
98,0,0,63
27,31,0,63
84,10,0,63
98,5,0,63
0,74,0,63
79,10,0,63
136,19,0,63
65,147,0,63
96,79,0,63
131,65,0,63
16,47,0,63
131,18,0,63
65,136,0,63
16,130,0,63
131,123,0,63
18,17,0,63
65,105,0,63
47,93,0,63
130,125,0,63
16,77,0,63
131,75,0,63
123,144,0,63
18,107,0,63
17,106,0,63
105,37,0,63
79,112,0,63
98,67,0,63
67,55,0,63
100,64,0,63
99,81,0,63
9,115,0,63
61,48,0,63
146,50,0,63
95,25,0,63
145,78,0,63
32,38,0,63
100,51,0,63
99,120,0,63
9,109,0,63
61,12,0,63
146,56,0,63
69,95,0,63
63,32,0,63
100,99,0,63
61,9,0,63
55,98,0,63
10,80,0,63
0,10,0,63
46,132,0,63
5,132,0,63
5,46,0,63
96,112,0,63
43,85,0,63
84,85,0,63
63,100,0,63
63,146,0,63
100,61,0,63
63,145,0,63
146,69,0,63
84,43,0,63
0,80,0,63
16,131,0,63
77,92,0,56
70,145,0,56
147,26,0,56
25,62,0,56
70,55,0,56
147,115,0,56
26,61,0,56
62,109,0,56
25,75,0,56
145,81,0,56
70,56,0,56
25,147,0,56
55,144,0,56
26,9,0,56
61,83,0,56
62,64,0,56
25,76,0,56
145,2,0,56
81,149,0,56
77,29,0,56
56,45,0,56
70,78,0,56
144,107,0,56
115,3,0,56
70,25,0,56
145,77,0,56
14,41,0,56
132,124,0,56
124,57,0,56
132,106,0,56
124,68,0,56
57,120,0,56
106,37,0,56
132,54,0,56
136,72,0,56
120,47,0,56
57,13,0,56
37,123,0,56
106,80,0,56
124,95,0,56
132,103,0,56
54,136,0,56
95,48,0,56
124,110,0,56
47,121,0,56
13,130,0,56
123,90,0,56
37,71,0,56
80,17,0,56
132,14,0,56
81,96,0,49
40,100,0,49
149,132,0,49
84,75,0,49
68,124,0,49
10,147,0,49
146,52,0,49
128,80,0,49
5,90,0,49
16,41,0,49
95,12,0,49
79,148,0,49
79,93,0,49
85,145,0,49
140,131,0,49
63,45,0,49
106,49,0,49
126,99,0,49
98,136,0,49
51,114,0,49
125,69,0,49
110,59,0,49
113,119,0,49
67,115,0,49
93,46,0,49
74,144,0,49
113,40,0,49
51,125,0,49
74,47,0,49
40,0,0,49
113,5,0,49
0,128,0,49
40,79,0,49
113,63,0,49
5,67,0,49
128,95,0,49
0,55,0,49
40,81,0,49
79,140,0,49
113,110,0,49
63,98,0,49
67,74,0,49
5,10,0,49
128,146,0,49
95,68,0,49
55,84,0,49
0,149,0,49
40,92,0,49
81,16,0,49
140,85,0,49
63,106,0,49
98,126,0,49
113,51,0,49
144,120,0,49
41,61,0,49
67,101,0,49
45,25,0,49
49,89,0,49
115,109,0,49
99,71,0,49
136,103,0,49
51,77,0,49
114,70,0,49
69,43,0,49
110,107,0,49
59,27,0,49
119,38,0,49
63,112,0,49
113,56,0,49
47,76,0,49
144,18,0,49
120,64,0,49
101,26,0,49
67,121,0,49
147,9,0,49
37,42,0,49
88,123,0,49
10,1,0,49
90,4,0,49
3,17,0,49
74,97,0,49
131,39,0,49
126,54,0,49
85,65,0,49
147,37,0,49
10,88,0,49
90,3,0,49
5,105,0,49
128,2,0,49
80,13,0,49
146,48,0,49
52,57,0,49
140,50,0,49
95,82,0,49
124,29,0,49
68,33,0,49
12,130,0,49
55,58,0,49
93,15,0,49
84,8,0,49
148,83,0,49
16,19,0,49
46,20,0,49
96,22,0,49
92,30,0,49
0,86,0,49
132,72,0,49
81,44,0,49
92,140,0,35
83,101,0,35
140,44,0,35
129,34,0,35
126,3,0,35
22,72,0,35
60,88,0,35
53,64,0,35
123,33,0,35
126,22,0,35
57,83,0,35
53,62,0,35
57,123,0,35
43,60,0,35
92,129,0,35
43,126,0,35
131,53,0,35
57,92,0,35
43,131,0,35
57,43,0,35
19,12,0,31
86,115,0,31
111,81,0,31
54,58,0,30
70,58,0,30
97,117,0,30
93,101,0,28
86,114,0,28
25,22,0,28
93,16,0,28
93,79,0,28
16,51,0,28
79,125,0,28
93,96,0,28
51,46,0,28
79,123,0,28
125,120,0,28
96,100,0,28
120,44,0,28
51,9,0,28
71,132,0,28
16,106,0,28
123,64,0,28
125,4,0,28
18,135,0,28
101,83,0,28
100,144,0,28
96,33,0,28
92,49,0,28
9,2,0,28
132,15,0,28
46,92,0,28
68,25,0,28
16,71,0,28
147,53,0,28
86,130,0,28
143,110,1,28
20,90,1,28
143,17,1,28
110,121,1,28
88,109,1,28
90,72,1,28
20,8,1,28
143,61,1,28
110,28,1,28
88,59,1,28
26,137,1,28
72,42,1,28
8,38,1,28
20,77,1,28
121,108,1,28
143,87,1,28
17,58,1,28
10,39,0,28
29,75,0,28
69,149,0,28
68,86,0,28
147,47,0,28
10,18,0,28
18,45,0,28
68,147,0,28
29,10,0,28
68,29,0,28
28,112,1,28
108,122,1,28
29,69,0,28
100,12,0,21
85,79,0,21
113,3,0,21
98,63,0,21
16,123,0,21
85,100,0,21
113,98,0,21
113,85,0,21
20,61,1,21
143,137,1,21
110,72,1,21
16,19,0,21
98,16,0,21
123,131,0,21
63,97,0,21
63,92,0,21
113,56,0,21
3,83,0,21
57,43,0,21
79,132,0,21
85,120,0,21
12,96,0,21
100,93,0,21
121,77,1,21
16,80,0,21
19,115,0,21
123,46,0,21
131,65,0,21
98,106,0,21
98,15,0,21
70,17,1,21
126,135,0,21
90,26,1,21
47,13,0,21
22,76,0,21
136,39,0,21
130,32,0,21
81,142,0,21
68,149,0,21
29,10,0,21
130,136,0,21
67,81,0,21
69,126,0,21
68,47,0,21
67,130,0,21
68,69,0,21
14,145,1,21
67,68,0,21
149,41,0,21
135,75,0,21
67,29,0,21
121,54,1,21
126,25,0,21
1,38,1,21
94,58,1,21
20,55,1,21
110,143,1,21
121,109,1,21
14,70,1,21
59,23,1,21
54,1,1,21
128,94,1,21
20,110,1,21
121,14,1,21
54,90,1,21
121,20,1,21
90,59,1,21
54,128,1,21
109,8,1,14
110,121,1,14
55,112,1,14
109,14,1,14
110,36,1,14
137,55,1,14
130,95,0,14
110,137,1,14
29,25,0,14
81,86,0,14
75,136,0,14
149,22,0,14
14,50,1,14
110,109,1,14
13,65,0,14
8,58,1,14
112,88,1,14
55,87,1,14
36,128,1,14
121,1,1,14
110,91,1,14
109,122,1,14
14,59,1,14
50,72,1,14
42,26,1,14
137,20,1,14
17,54,1,14
88,61,1,14
112,70,1,14
55,28,1,14
137,17,1,14
41,124,0,14
19,9,0,14
74,76,0,14
2,123,0,14
51,115,0,14
100,37,0,14
57,19,0,14
3,46,0,14
148,4,0,14
63,2,0,14
51,100,0,14
105,57,0,14
3,93,0,14
51,148,0,14
148,3,0,14
51,105,0,14
148,63,0,14
39,126,0,14
4,62,0,14
148,96,0,14
93,99,0,14
3,56,0,14
114,130,0,14
99,80,0,14
84,29,0,14
81,75,0,14
149,98,0,14
41,13,0,14
74,114,0,14
84,81,0,14
0,39,0,14
0,41,0,14
84,74,0,14
47,0,0,14
47,84,0,14
37,12,0,14
46,120,0,14
47,149,0,14
132,19,0,7
63,46,0,7
140,120,0,7
106,99,0,7
56,10,0,7
51,144,0,7
57,125,0,7
40,123,0,7
4,83,0,7
37,44,0,7
79,12,0,7
96,115,0,7
80,52,0,7
110,70,1,7
93,3,0,7
70,91,1,7
58,122,1,7
91,54,1,7
63,140,0,7
8,28,1,7
88,72,1,7
121,38,1,7
87,42,1,7
91,26,1,7
110,58,1,7
110,60,1,7
88,8,1,7
60,121,1,7
70,87,1,7
91,108,1,7
54,20,1,7
110,88,1,7
60,145,1,7
70,143,1,7
145,112,1,7
106,56,0,7
148,43,0,7
57,85,0,7
95,23,0,7
77,0,0,7
131,114,0,7
86,69,0,7
147,136,0,7
84,14,0,7
98,61,0,7
124,39,0,7
95,77,0,7
131,86,0,7
84,147,0,7
98,74,0,7
124,95,0,7
84,131,0,7
98,124,0,7
98,84,0,7
132,51,0,7
39,81,0,7
124,68,0,7
74,126,0,7
126,92,0,7
98,25,0,7
79,37,0,7
96,148,0,7
40,80,0,7
63,106,0,7
57,132,0,7
93,79,0,7
40,96,0,7
57,63,0,7
93,4,0,7
93,57,0,7
93,40,0,7
84,45,0,7
147,13,0,7
136,67,0,7
74,65,0,7
114,47,0,7
131,53,0,7
69,75,0,7
115,54,0,0
145,81,0,0
149,88,0,0
46,114,0,0
128,136,0,0
80,95,0,0
92,22,0,0
112,51,0,0
113,41,0,0
57,146,0,0
85,17,0,0
0,37,0,0
12,43,0,0
109,123,0,0
147,148,0,0
74,34,0,0
3,75,0,0
98,25,0,0
26,126,0,0
69,14,0,0
125,1,0,0
136,144,0,0
115,104,0,0
112,107,0,0
25,59,0,0
146,47,0,0
17,38,0,0
37,124,0,0
41,29,0,0
43,61,0,0
123,86,0,0
34,77,0,0
14,100,0,0
116,45,0,0
4,15,0,0
83,56,0,0
6,72,0,0
70,99,0,0
65,13,0,0
132,116,0,0
128,115,0,0
120,83,0,0
40,68,0,0
3,55,0,0
84,145,0,0
68,93,0,0
133,5,0,0
0,98,0,0
113,147,0,0
132,74,0,0
16,10,0,0
131,67,0,0
84,3,0,0
68,133,0,0
128,0,0,0
113,132,0,0
63,4,0,0
40,131,0,0
68,84,0,0
128,113,0,0
40,16,0,0
67,110,0,0
40,106,0,0
132,63,0,0
110,6,0,0
67,70,0,0
16,62,0,0
10,125,0,0
106,65,0,0
40,26,0,0
3,79,0,0
131,120,0,0
145,96,0,0
68,149,0,0
55,80,0,0
5,76,0,0
128,92,0,0
115,112,0,0
98,57,0,0
0,85,0,0
113,12,0,0
